,organization_name,type,governance_address,url,description,cleanAddress
0,0x06Bdd90Cc7122D4531ab7CbB3C22D265Cb112ABD,governance,0x06bdd90cc7122d4531ab7cbb3c22d265cb112abd,https://client.aragon.org/#/0x06bdd90cc7122d4531ab7cbb3c22d265cb112abd,Aragon Governance,0x06bdd90cc7122d4531ab7cbb3c22d265cb112abd
1,0x117d1F8CB4Bf6e74Bc5D667f15af7b810baCCCD6,governance,0x117d1f8cb4bf6e74bc5d667f15af7b810bacccd6,https://client.aragon.org/#/0x117d1f8cb4bf6e74bc5d667f15af7b810bacccd6,Aragon Governance,0x117d1f8cb4bf6e74bc5d667f15af7b810bacccd6
2,1HiveLLC,governance,1hivellc.aragonid.eth,https://client.aragon.org/#/1hivellc.aragonid.eth,Aragon Governance,0xAf3098521355BC588424560155a40C5b4bf7185E
3,1UP,governance,0xafdd1eb2511cd891acf2bff82dabf47e0c914d24,https://etherscan.io/address/0xafdd1eb2511cd891acf2bff82dabf47e0c914d24,Daostack Governance,0xafdd1eb2511cd891acf2bff82dabf47e0c914d24
4,4c4bf6a8,governance,4c4bf6a8.aragonid.eth,https://client.aragon.org/#/4c4bf6a8.aragonid.eth,Aragon Governance,0x451119af1Af011897714200D604aEc5e17802B40
5,6Ef0c0b0,governance,6ef0c0b0.aragonid.eth,https://client.aragon.org/#/6ef0c0b0.aragonid.eth,Aragon Governance,0xC63627255269DDC12dE3BEE4d7E6526DDa59aF70
6,Aave,governance,aave.eth,https://snapshot.org/#/aave.eth,Snapshot Governance,
7,Aave,governance,0x89c51828427f70d77875c6747759fb17ba10ceb0,,Assetsonly Governance,0x89c51828427f70d77875c6747759fb17ba10ceb0
8,Aave,governance,aave,https://snapshot.org/#/aave,Snapshot Governance,
9,Aavegotchi,governance,aavegotchi.eth,https://snapshot.org/#/aavegotchi.eth,Snapshot Governance,0x027Ffd3c119567e85998f4E6B9c3d83D5702660c
10,Aavegotchi,governance,aavegotchi.aragonid.eth,https://client.aragon.org/#/aavegotchi.aragonid.eth,Aragon Governance,0x054086d40cf8Fd5bF6200eDa7f9C6877B0302dd1
11,Airalab,governance,aira.aragonid.eth,https://client.aragon.org/#/aira.aragonid.eth,Aragon Governance,0x97D28635ab8ebC85e04F23D0c578d9e7CcF6519b
12,AirSwap,governance,vote.airswap.eth,https://snapshot.org/#/vote.airswap.eth,Snapshot Governance,
13,Alchemix,governance,alchemixstakers.eth,https://snapshot.org/#/alchemixstakers.eth,Snapshot Governance,0xc8E0345596D7196941E61D3aB607E57Fe61F85E7
14,Ampleforth,governance,0x8a994c6f55be1fd2b4d0dc3b8f8f7d4e3a2da8f1,https://etherscan.io/address/0x8a994c6f55be1fd2b4d0dc3b8f8f7d4e3a2da8f1,Compound Governance,0x8a994c6f55be1fd2b4d0dc3b8f8f7d4e3a2da8f1
15,Ampleforth,governance,ampleforth,https://snapshot.org/#/ampleforth,Snapshot Governance,
16,Ampleforth,governance,ampleforthorg.eth,https://snapshot.org/#/ampleforthorg.eth,Snapshot Governance,0xfe2321D7DFA492dFC39330e8b85E7c49161e7F98
17,APE DAO,governance,togetherstrong.eth,https://snapshot.org/#/togetherstrong.eth,Snapshot Governance,0xf6ea6de3B28E284eEC682c4E64d43503F44228F1
18,API3,governance,api3daov1.aragonid.eth,https://client.aragon.org/#/api3daov1.aragonid.eth,Aragon Governance,0x9B64177757a0BD2A042446C8d910526476B7Bf57
19,API3,governance,0xd9f80bdb37e6bad114d747e60ce6d2aaf26704ae,,Assetsonly Governance,0xd9f80bdb37e6bad114d747e60ce6d2aaf26704ae
20,ApocalypseDAO,governance,0x44d55a8492a90640dc6af013657eaf1ac5bc9548,https://etherscan.io/address/0x44d55a8492a90640dc6af013657eaf1ac5bc9548,Daostack Governance,0x44d55a8492a90640dc6af013657eaf1ac5bc9548
21,Aragon Association DAO,governance,associationops.aragonid.eth,https://client.aragon.org/#/associationops.aragonid.eth,Aragon Governance,0x1030678E350Ee3AA845C29cA8c8cE0693AbE8144
22,Aragon Network,governance,0x40204daacb1480019a7a6826c699903df94ee019,https://client.aragon.org/#/0x40204daacb1480019a7a6826c699903df94ee019,Aragon Governance,0x40204daacb1480019a7a6826c699903df94ee019
23,Aragon Network Budget,governance,budget.aragonid.eth,https://client.aragon.org/#/budget.aragonid.eth,Aragon Governance,0x49C8C959ce8692978e4f3B169FFd179EC241adaF
24,Aragon One,governance,0x635193983512c621e6a3e15ee1dbf36f0c0db8e0,https://client.aragon.org/#/0x635193983512c621e6a3e15ee1dbf36f0c0db8e0,Aragon Governance,0x635193983512c621e6a3e15ee1dbf36f0c0db8e0
25,Aragon Trust,governance,trust.aragonid.eth,https://client.aragon.org/#/trust.aragonid.eth,Aragon Governance,0xBC435a218374859ca03F675f7697fd7e7ce805Cb
26,ArbitrageDAO,governance,0xa8fc468da0417f71393523393bd7d57450143a62,https://etherscan.io/address/0xa8fc468da0417f71393523393bd7d57450143a62,Moloch / Daohaus Governance,0xa8fc468da0417f71393523393bd7d57450143a62
27,Arca,governance,arca.aragonid.eth,https://client.aragon.org/#/arca.aragonid.eth,Aragon Governance,0xF4dAcf2EdB6E2bd88EB90C3AEf1e510153d38579
28,array.finance CCO,governance,0xff3f8c0b98454306fb0bda57e5ae38cbfa66cc0d,https://etherscan.io/address/0xff3f8c0b98454306fb0bda57e5ae38cbfa66cc0d,Moloch / Daohaus Governance,0xff3f8c0b98454306fb0bda57e5ae38cbfa66cc0d
29,Arweavers,governance,arweavers.aragonid.eth,https://client.aragon.org/#/arweavers.aragonid.eth,Aragon Governance,0xf8C46Ce08F990eBB4C78E60edb97eF0c54350AcE
30,Badger DAO,governance,badger.aragonid.eth,https://client.aragon.org/#/badger.aragonid.eth,Aragon Governance,0x33D53383314190B0B885D1b6913B5a50E2D3A639
31,Badger DAO,governance,badgerdao.eth,https://snapshot.org/#/badgerdao.eth,Snapshot Governance,0x6b3eF8E2446136bCD885Ced8686e6D785B3482c8
32,Balancer,governance,balancer.eth,https://snapshot.org/#/balancer.eth,Snapshot Governance,0x701902858A6a9B6f36603244622732d9ec57a82a
33,Bancor 0x3EcD508F87Ef27417474B0FDF8dd90A3b2B337C9,governance,0x3ecd508f87ef27417474b0fdf8dd90a3b2b337c9,https://client.aragon.org/#/0x3ecd508f87ef27417474b0fdf8dd90a3b2b337c9,Aragon Governance,0x3ecd508f87ef27417474b0fdf8dd90a3b2b337c9
34,Bankless DAO,governance,,https://snapshot.org/#/,Snapshot Governance,
35,Bankless DAO,governance,banklessvault.eth,https://snapshot.org/#/banklessvault.eth,Snapshot Governance,0xf26d1Bb347a59F6C283C53156519cC1B1ABacA51
36,BarnBridge,governance,barnbridge.eth,https://snapshot.org/#/barnbridge.eth,Snapshot Governance,0x747dfb7D6D27671B4e3E98087f00e6B023d0AAb7
37,BarnBridge,governance,barnbridgelaunch.aragonid.eth,https://client.aragon.org/#/barnbridgelaunch.aragonid.eth,Aragon Governance,0xf590e576A3353491164F70ccdfCb7e26c55F5CC0
38,BarnBridge,governance,0x4cae362d7f227e3d306f70ce4878e245563f3069,,Assetsonly Governance,0x4cae362d7f227e3d306f70ce4878e245563f3069
39,BerezkafLexDAO,governance,berezkaflexdao.aragonid.eth,https://client.aragon.org/#/berezkaflexdao.aragonid.eth,Aragon Governance,0x1C26FdE2Ce92cd1d932A0AFB8367108eac7f369B
40,Betacolony,governance,0x869814034d96544f3c62de2ac22448ed79ac8e70,https://etherscan.io/address/0x869814034d96544f3c62de2ac22448ed79ac8e70,Colony Governance,0x869814034d96544f3c62de2ac22448ed79ac8e70
41,BitDAO,governance,bitdao.eth,https://snapshot.org/#/bitdao.eth,Snapshot Governance,0xa3E71D4603f1E17c57A63BC687F88EA11BdEd6E1
42,blequity,governance,blequity.aragonid.eth,https://client.aragon.org/#/blequity.aragonid.eth,Aragon Governance,0xC75d63A83584D65c510d6780E05DC503F2e94962
43,Bprotocol,governance,bpro.eth,https://snapshot.org/#/bpro.eth,Snapshot Governance,0xa9d062B23650C9191673d9496d9e700d37DC55f5
44,BProtocol,governance,0xbbbbbb512661e9a574a8a3e8c12afaf647e98809,https://etherscan.io/address/0xbbbbbb512661e9a574a8a3e8c12afaf647e98809,Compound Governance,0xbbbbbb512661e9a574a8a3e8c12afaf647e98809
45,BrightID,governance,0x5aad137d8f7d2dc6e1b2548c059b1483360bcc6a,https://client.aragon.org/#/0x5aad137d8f7d2dc6e1b2548c059b1483360bcc6a,Aragon Governance,0x5aad137d8f7d2dc6e1b2548c059b1483360bcc6a
46,brightiddev,governance,brightiddev.aragonid.eth,https://client.aragon.org/#/brightiddev.aragonid.eth,Aragon Governance,0x8eB38a926C096c5d99e71D84973b8E9C690B99A9
47,Burn Signal,governance,0x5a49fb12f512451819caeb7f4be37e89f0eb0afd,https://etherscan.io/address/0x5a49fb12f512451819caeb7f4be37e89f0eb0afd,Colony Governance,0x5a49fb12f512451819caeb7f4be37e89f0eb0afd
48,Buyback CC1,governance,0x2004cb1e8fb6d4476acdc9e1d37f717d3a83384d,https://etherscan.io/address/0x2004cb1e8fb6d4476acdc9e1d37f717d3a83384d,Moloch / Daohaus Governance,0x2004cb1e8fb6d4476acdc9e1d37f717d3a83384d
49,bZx,governance,bzx.eth,https://snapshot.org/#/bzx.eth,Snapshot Governance,0xD8Ee69652E4e4838f2531732a46d1f7F584F0b7f
50,cadcad,governance,cadcad.aragonid.eth,https://client.aragon.org/#/cadcad.aragonid.eth,Aragon Governance,0x23B5db33e824822E8D98698C4929bE2ff1ba70e4
51,Carbonswap,governance,carbonswap.eth,https://snapshot.org/#/carbonswap.eth,Snapshot Governance,0x37d32444BF9cF87600987279Eb24d03c90e0561b
52,CENNZnet Grants DAO,governance,0xee7fa430a7e513d3df962ed0c0e285bc6f87fc24,https://etherscan.io/address/0xee7fa430a7e513d3df962ed0c0e285bc6f87fc24,Daostack Governance,0xee7fa430a7e513d3df962ed0c0e285bc6f87fc24
53,centrifugelabic01,governance,centrifugelabic01.aragonid.eth,https://client.aragon.org/#/centrifugelabic01.aragonid.eth,Aragon Governance,0x06A0A7257546FeC3042c2FC2504c4De21C2b94ab
54,CityDAO,governance,daocity.eth,https://snapshot.org/#/daocity.eth,Snapshot Governance,0x60e7343205C9C88788a22C40030d35f9370d302D
55,clr.fund,governance,,https://snapshot.org/#/,Snapshot Governance,
56,clr.fund,governance,0xa357c5dc01d8ab4f3af519b0537468391e3e0976,https://etherscan.io/address/0xa357c5dc01d8ab4f3af519b0537468391e3e0976,Colony Governance,0xa357c5dc01d8ab4f3af519b0537468391e3e0976
57,Collab19,governance,collab.aragonid.eth,https://client.aragon.org/#/collab.aragonid.eth,Aragon Governance,0x5E7B681735205bB5414Fb8cC368695b8571611AD
58,Compound,governance,comp-vote.eth,https://snapshot.org/#/comp-vote.eth,Snapshot Governance,0x2B384212EDc04Ae8bB41738D05BA20E33277bf33
59,Compound,governance,grantcomp.eth,https://snapshot.org/#/grantcomp.eth,Snapshot Governance,
60,Compound,governance,compgov.eth,https://snapshot.org/#/compgov.eth,Snapshot Governance,0xb465E49e70E9d6fFdfc0EA1543653312b814f96e
61,Compound,governance,0xc0da02939e1441f497fd74f78ce7decb17b66529,https://etherscan.io/address/0xc0da02939e1441f497fd74f78ce7decb17b66529,Compound Governance,0xc0da02939e1441f497fd74f78ce7decb17b66529
62,Compound,governance,cuni,https://snapshot.org/#/cuni,Snapshot Governance,
63,Compound,governance,0xc0da01a04c3f3e0be433606045bb7017a7323e38,https://etherscan.io/address/0xc0da01a04c3f3e0be433606045bb7017a7323e38,Compound Governance,0xc0da01a04c3f3e0be433606045bb7017a7323e38
64,Conjure,governance,0x6cae87e30445665ca5125d574aa02db4aa9edb96,https://etherscan.io/address/0x6cae87e30445665ca5125d574aa02db4aa9edb96,Compound Governance,0x6cae87e30445665ca5125d574aa02db4aa9edb96
65,Constitution,governance,2a988310-48d5-4809-bc65-622d43fc5f58,,Assetsonly Governance,
66,Creative Collabo DAO,governance,0x161e99f7467f20602c7ff9ff85f22be1ecc41b86,https://etherscan.io/address/0x161e99f7467f20602c7ff9ff85f22be1ecc41b86,Moloch / Daohaus Governance,0x161e99f7467f20602c7ff9ff85f22be1ecc41b86
67,CrisisDAO,governance,crisisdao.eth,https://snapshot.org/#/crisisdao.eth,Snapshot Governance,
68,Cryptex,governance,0x874c5d592afc6803c3dd60d6442357879f196d5b,https://etherscan.io/address/0x874c5d592afc6803c3dd60d6442357879f196d5b,Compound Governance,0x874c5d592afc6803c3dd60d6442357879f196d5b
69,Cryptex,governance,cryptexdao.eth,https://snapshot.org/#/cryptexdao.eth,Snapshot Governance,0xa54074b2cc0e96a43048d4a68472F7F046aC0DA8
70,Cryptex,governance,0x271901c3268d0959bbc9543de4f073d3708c88f7,https://etherscan.io/address/0x271901c3268d0959bbc9543de4f073d3708c88f7,Compound Governance,0x271901c3268d0959bbc9543de4f073d3708c88f7
71,Cura Dao,governance,0x0b93ba560283350d4216f29dc57e15df38d0eace,https://etherscan.io/address/0x0b93ba560283350d4216f29dc57e15df38d0eace,Daostack Governance,0x0b93ba560283350d4216f29dc57e15df38d0eace
72,Curio,governance,curio.aragonid.eth,https://client.aragon.org/#/curio.aragonid.eth,Aragon Governance,0x5F89B0fa249C8180962d01aaa30B6F5cB96ee979
73,Cyber Congress,governance,0xc45417092c7ba66052c92a4ad871fc60bdbc7009,https://client.aragon.org/#/0xc45417092c7ba66052c92a4ad871fc60bdbc7009,Aragon Governance,0xc45417092c7ba66052c92a4ad871fc60bdbc7009
74,Dandy,governance,dandy.aragonid.eth,https://client.aragon.org/#/dandy.aragonid.eth,Aragon Governance,0x6B9bc7FEECCb73A2F0258B587a0E9eb4A40e9F02
75,DAOhaus Second Story CCO,governance,0x44f2f58eb410c3099d59db44e8ab9859e886c176,https://etherscan.io/address/0x44f2f58eb410c3099d59db44e8ab9859e886c176,Moloch / Daohaus Governance,0x44f2f58eb410c3099d59db44e8ab9859e886c176
76,DAOSquare,governance,daosquare,https://snapshot.org/#/daosquare,Snapshot Governance,
77,DAOSquare,governance,0x1ba850cb53280d7f9987be283ff462038ec8abe2,https://etherscan.io/address/0x1ba850cb53280d7f9987be283ff462038ec8abe2,Moloch / Daohaus Governance,0x1ba850cb53280d7f9987be283ff462038ec8abe2
78,Daoversify,governance,daoversify.aragonid.eth,https://client.aragon.org/#/daoversify.aragonid.eth,Aragon Governance,0xEa8020280Fe16c3580FA8945fe1ea5329862d83a
79,Decentraland,governance,snapshot.dcl.eth,https://snapshot.org/#/snapshot.dcl.eth,Snapshot Governance,
80,Decentraland,governance,0xf47917b108ca4b820ccea2587546fbb9f7564b56,https://client.aragon.org/#/0xf47917b108ca4b820ccea2587546fbb9f7564b56,Aragon Governance,0xf47917b108ca4b820ccea2587546fbb9f7564b56
81,Decentral Games,governance,decentralgames.eth,https://snapshot.org/#/decentralgames.eth,Snapshot Governance,0x7146cae915f1Cd90871ecc69999BEfFdcaf38ff9
82,Defi Omega,governance,0xe9d7e590171cb5080ab8dfd45850692a714260f0,https://etherscan.io/address/0xe9d7e590171cb5080ab8dfd45850692a714260f0,Moloch / Daohaus Governance,0xe9d7e590171cb5080ab8dfd45850692a714260f0
83,DeoraTest,governance,0x48c2f0a379f8cc93b1be3775964e242adebfd8dc,https://etherscan.io/address/0x48c2f0a379f8cc93b1be3775964e242adebfd8dc,Moloch / Daohaus Governance,0x48c2f0a379f8cc93b1be3775964e242adebfd8dc
84,dHedge,governance,gov.dhedge.eth,https://snapshot.org/#/gov.dhedge.eth,Snapshot Governance,
85,dHedge,governance,0xb76e40277b79b78dfa954cbec863d0e4fd0656ca,,Assetsonly Governance,0xb76e40277b79b78dfa954cbec863d0e4fd0656ca
86,dHedge,governance,dhedge.aragonid.eth,https://client.aragon.org/#/dhedge.aragonid.eth,Aragon Governance,0x238c1C129c00920D11520f25647D2b47ddBb3f87
87,DimensionLab,governance,dimensionlab.aragonid.eth,https://client.aragon.org/#/dimensionlab.aragonid.eth,Aragon Governance,0xb97058B2885f3144f531534Ee9E9FA3864cd93eE
88,dOrg,governance,dorg.eth,https://snapshot.org/#/dorg.eth,Snapshot Governance,0xdb22d2d37db92EA7fa6993C9f6Ead55FBb1eF4EA
89,dOrg,governance,0x94a587478c83491b13291265581cb983e7feb540,https://etherscan.io/address/0x94a587478c83491b13291265581cb983e7feb540,Daostack Governance,0x94a587478c83491b13291265581cb983e7feb540
90,dOrg,governance,0x15344ecdc2c4edfcb092e284d93c20f0529fd8a6,https://etherscan.io/address/0x15344ecdc2c4edfcb092e284d93c20f0529fd8a6,Daostack Governance,0x15344ecdc2c4edfcb092e284d93c20f0529fd8a6
91,Dtravel,governance,dtraveldao.eth,https://snapshot.org/#/dtraveldao.eth,Snapshot Governance,0x0fD5Eee988E1525C5958a977a3B01f5EE90D1b6E
92,DXdao,governance,0xe81a69caca4a99360589cfd18d9eeaa5029b5ef8,https://etherscan.io/address/0xe81a69caca4a99360589cfd18d9eeaa5029b5ef8,Daostack Governance,0xe81a69caca4a99360589cfd18d9eeaa5029b5ef8
93,DXdao,governance,0x519b70055af55a007110b4ff99b0ea33071c720a,https://etherscan.io/address/0x519b70055af55a007110b4ff99b0ea33071c720a,Daostack Governance,0x519b70055af55a007110b4ff99b0ea33071c720a
94,Elimuai,governance,elimuai.aragonid.eth,https://client.aragon.org/#/elimuai.aragonid.eth,Aragon Governance,0x15BC735a248eB9790b9D4B85e44cF4c878667209
95,ENS,governance,,https://snapshot.org/#/,Snapshot Governance,
96,ENS,governance,,https://snapshot.org/#/,Snapshot Governance,
97,ENS,governance,ens.eth,https://snapshot.org/#/ens.eth,Snapshot Governance,0xFe89cc7aBB2C4183683ab71653C4cdc9B02D44b7
98,Enzyme Finance,governance,0xfe1f2de598f42ce67bb9aad5ad473f0272d09b74,https://client.aragon.org/#/0xfe1f2de598f42ce67bb9aad5ad473f0272d09b74,Aragon Governance,0xfe1f2de598f42ce67bb9aad5ad473f0272d09b74
99,Enzyme Finance,governance,enzymefinance.eth,https://snapshot.org/#/enzymefinance.eth,Snapshot Governance,0x0d580ae50B58fe08514dEAB4e38c0DFdB0D30adC
100,Estonia,governance,estonia.aragonid.eth,https://client.aragon.org/#/estonia.aragonid.eth,Aragon Governance,0x5ce5d6914b998240c52dB1292299F859777EF343
101,EulerBeats OG DAO,governance,ebog.eth,https://snapshot.org/#/ebog.eth,Snapshot Governance,0x2d51cB37805c559B376232B0a9879fA7914d27E0
102,EulerBeats OG DAO,governance,ebog-rinkeby,https://snapshot.org/#/ebog-rinkeby,Snapshot Governance,
103,f25f0531,governance,f25f0531.aragonid.eth,https://client.aragon.org/#/f25f0531.aragonid.eth,Aragon Governance,0x0598Ae14B05a6D6B027C75d6c04a4975C9ddDb84
104,Farmgod DAO,governance,farmgod.eth,https://snapshot.org/#/farmgod.eth,Snapshot Governance,0x8DE3c3891268502F77DB7E876d727257DEc0F852
105,Fei,governance,0xe087f94c3081e1832dc7a22b48c6f2b5faae579b,https://etherscan.io/address/0xe087f94c3081e1832dc7a22b48c6f2b5faae579b,Compound Governance,0xe087f94c3081e1832dc7a22b48c6f2b5faae579b
106,Fei,governance,fei.eth,https://snapshot.org/#/fei.eth,Snapshot Governance,
107,Fest Dao,governance,0x8990e11b69403ea53ef2b32434bbd7dbf84b5234,https://etherscan.io/address/0x8990e11b69403ea53ef2b32434bbd7dbf84b5234,Daostack Governance,0x8990e11b69403ea53ef2b32434bbd7dbf84b5234
108,FiatLuxDAO,governance,,,Assetsonly Governance,
109,Fingerprints DAO,governance,fingerprints.eth,https://snapshot.org/#/fingerprints.eth,Snapshot Governance,0xbC49de68bCBD164574847A7ced47e7475179C76B
110,flamingo,governance,0x43310bd1c8f261ee7b9025662207ed95329aa193,https://etherscan.io/address/0x43310bd1c8f261ee7b9025662207ed95329aa193,Openlaw Governance,0x43310bd1c8f261ee7b9025662207ed95329aa193
111,ForeFront,governance,ffdao.eth,https://snapshot.org/#/ffdao.eth,Snapshot Governance,0x2Fb9F0ef424b24a8D293999298F392a33Fe6A8b5
112,Friends With Benefits Pro,governance,friendswithbenefits.eth,https://snapshot.org/#/friendswithbenefits.eth,Snapshot Governance,0x523d643E3D7c455D043eE11B51Bc8EC08F6ff474
113,Futhorcecosystem,governance,futhorcecosystem.aragonid.eth,https://client.aragon.org/#/futhorcecosystem.aragonid.eth,Aragon Governance,0xf576C1d8C261a195DA38c235957b5AbAC04EE13e
114,GCR DAO,governance,globalcoinresearch.eth,https://snapshot.org/#/globalcoinresearch.eth,Snapshot Governance,0xc01B3424b81da02A3aB626a44Cfe67c2eb15d9dA
115,Genesis Alpha,governance,0x294f999356ed03347c7a23bcbcf8d33fa41dc830,https://etherscan.io/address/0x294f999356ed03347c7a23bcbcf8d33fa41dc830,Daostack Governance,0x294f999356ed03347c7a23bcbcf8d33fa41dc830
116,Gitcoin,governance,,https://snapshot.org/#/,Snapshot Governance,
117,Gitcoin,governance,gitcoindao.eth,https://snapshot.org/#/gitcoindao.eth,Snapshot Governance,0x57a8865cfB1eCEf7253c27da6B4BC3dAEE5Be518
118,Gitcoin,governance,0xdbd27635a534a3d3169ef0498beb56fb9c937489,https://etherscan.io/address/0xdbd27635a534a3d3169ef0498beb56fb9c937489,Compound Governance,0xdbd27635a534a3d3169ef0498beb56fb9c937489
119,Gnosis,governance,gnosis.eth,https://snapshot.org/#/gnosis.eth,Snapshot Governance,
120,Governor DAO,governance,gdao.eth,https://snapshot.org/#/gdao.eth,Snapshot Governance,0x37A6156e4a6E8B60b2415AF040546cF5e91699bd
121,Governor DAO,governance,gdao.aragonid.eth,https://client.aragon.org/#/gdao.aragonid.eth,Aragon Governance,0x391Eab14787a7BAEa7A421B804c7185b34F0329A
122,Hakt DAO,governance,,https://snapshot.org/#/,Snapshot Governance,
123,HausDAO,governance,0xdec090a12f2e280b089daa225892d9efa8ed0ee8,https://etherscan.io/address/0xdec090a12f2e280b089daa225892d9efa8ed0ee8,Moloch / Daohaus Governance,0xdec090a12f2e280b089daa225892d9efa8ed0ee8
124,HelpDao,governance,helpdao.aragonid.eth,https://client.aragon.org/#/helpdao.aragonid.eth,Aragon Governance,0xF7627121e08a1B3aD67c0Fdf020dC1e695D20cBF
125,Idle Finance,governance,idlefinance.eth,https://snapshot.org/#/idlefinance.eth,Snapshot Governance,0xe4E69ef860D3018B61A25134D60678be8628f780
126,Idle Finance,governance,0x2256b25cfc8e35c3135664fd03e77595042fe31b,https://etherscan.io/address/0x2256b25cfc8e35c3135664fd03e77595042fe31b,Compound Governance,0x2256b25cfc8e35c3135664fd03e77595042fe31b
127,Index,governance,index-coop.eth,https://snapshot.org/#/index-coop.eth,Snapshot Governance,
128,Indexed,governance,0x95129751769f99cc39824a0793ef4933dd8bb74b,https://etherscan.io/address/0x95129751769f99cc39824a0793ef4933dd8bb74b,Compound Governance,0x95129751769f99cc39824a0793ef4933dd8bb74b
129,Instadapp,governance,instadapp-gov.eth,https://snapshot.org/#/instadapp-gov.eth,Snapshot Governance,0x2888Eb67ac7ee9272FafD9277e60BD851B15e1B1
130,Instadapp,governance,0x0204cd037b2ec03605cfdfe482d8e257c765fa1b,https://etherscan.io/address/0x0204cd037b2ec03605cfdfe482d8e257c765fa1b,Compound Governance,0x0204cd037b2ec03605cfdfe482d8e257c765fa1b
131,Inverse,governance,0x35d9f4953748b318f18c30634ba299b237eedfff,https://etherscan.io/address/0x35d9f4953748b318f18c30634ba299b237eedfff,Compound Governance,0x35d9f4953748b318f18c30634ba299b237eedfff
132,Jenny Metaverse DAO,governance,jennydao.eth,https://snapshot.org/#/jennydao.eth,Snapshot Governance,0x0eF024d299cb56805F2437Cd00b8A361a7B06D54
133,JINN,governance,0xcfa7700f9c15f03e0ae81ebd524e4c2af915d13b,https://etherscan.io/address/0xcfa7700f9c15f03e0ae81ebd524e4c2af915d13b,Moloch / Daohaus Governance,0xcfa7700f9c15f03e0ae81ebd524e4c2af915d13b
134,JuiceboxDAO,governance,jbdao.eth,https://snapshot.org/#/jbdao.eth,Snapshot Governance,0xAF28bcB48C40dBC86f52D459A6562F658fc94B1e
135,KeeperDAO,governance,rook.eth,https://snapshot.org/#/rook.eth,Snapshot Governance,0xfA5047c9c78B8877af97BDcb85Db743fD7313d4a
136,Keytree,governance,keytree.aragonid.eth,https://client.aragon.org/#/keytree.aragonid.eth,Aragon Governance,0x70A3669A7972cfE2CB80235fda4A6e80e289f0eB
137,KlimaDAO,governance,klimadao.eth,https://snapshot.org/#/klimadao.eth,Snapshot Governance,0x693aD12DbA5F6E07dE86FaA21098B691F60A1BEa
138,Kusama,governance,kusama,,Kusama Governance,
139,Kusama,governance,kusama_techcom,,Kusama Governance,
140,Kusama,governance,kusama_democracy,,Kusama Governance,
141,Kusama,governance,kusama_council,,Kusama Governance,
142,lexDAO,governance,0xa365a8429fcefdbe1e684dddda3531b6e8d96e75,https://client.aragon.org/#/0xa365a8429fcefdbe1e684dddda3531b6e8d96e75,Aragon Governance,0xa365a8429fcefdbe1e684dddda3531b6e8d96e75
143,Lido,governance,lido-dao.aragonid.eth,https://client.aragon.org/#/lido-dao.aragonid.eth,Aragon Governance,0xb8FFC3Cd6e7Cf5a098A1c92F48009765B24088Dc
144,Lido,governance,lido-snapshot.eth,https://snapshot.org/#/lido-snapshot.eth,Snapshot Governance,0xC8381ca290c198F5ab739A1841Ce8aeDb0b330D5
145,Lobby Token,governance,lobbytoken.eth,https://snapshot.org/#/lobbytoken.eth,Snapshot Governance,0x73BC4e18eca841A569918A048820ecc8241A87DC
146,Machi X DAO,governance,0x016e79e9101a8eaa3e7f46d6d1c267819c09c939,https://etherscan.io/address/0x016e79e9101a8eaa3e7f46d6d1c267819c09c939,Moloch / Daohaus Governance,0x016e79e9101a8eaa3e7f46d6d1c267819c09c939
147,Maker Dao,governance,maker,,Assetsonly Governance,
148,MansaNetwork,governance,mansanetwork.aragonid.eth,https://client.aragon.org/#/mansanetwork.aragonid.eth,Aragon Governance,0x81cF6690B18aEEB49A9444859c006a74e747bD65
149,MANTRA DAO,governance,mantra-dao.eth,https://snapshot.org/#/mantra-dao.eth,Snapshot Governance,0xf6c255207407162610275AEeFb8497B8b499Bdbd
150,MANTRA DAO,governance,mantra-dao,https://snapshot.org/#/mantra-dao,Snapshot Governance,
151,Markeing DAO,governance,0x6c9b4f1bdddd7704a26a5caf5242e88501dc5f0b,https://etherscan.io/address/0x6c9b4f1bdddd7704a26a5caf5242e88501dc5f0b,Moloch / Daohaus Governance,0x6c9b4f1bdddd7704a26a5caf5242e88501dc5f0b
152,MarsDao,governance,marsdao.aragonid.eth,https://client.aragon.org/#/marsdao.aragonid.eth,Aragon Governance,0x1c532BC3B37d05E30aaE367e4FACdCFC98F8a426
153,MeebitsDAO,governance,meebitsdao.eth,https://snapshot.org/#/meebitsdao.eth,Snapshot Governance,0x2009a752a50D3CDe486d7b5921944377B729E747
154,MeebitsDAO,governance,manekari.eth,https://snapshot.org/#/manekari.eth,Snapshot Governance,0xD20Ce27F650598c2d790714B4f6a7222B8dDcE22
155,MetaCartel,governance,metacartel.eth,https://snapshot.org/#/metacartel.eth,Snapshot Governance,
156,MetaCartel,governance,0x0372f3696fa7dc99801f435fd6737e57818239f2,https://etherscan.io/address/0x0372f3696fa7dc99801f435fd6737e57818239f2,Moloch / Daohaus Governance,0x0372f3696fa7dc99801f435fd6737e57818239f2
157,MetaCartel v2,governance,0xee629a192374caf2a72cf1695c485c5c89611ef2,https://etherscan.io/address/0xee629a192374caf2a72cf1695c485c5c89611ef2,Moloch / Daohaus Governance,0xee629a192374caf2a72cf1695c485c5c89611ef2
158,MetaCartel Ventures,governance,0x4570b4faf71e23942b8b9f934b47ccedf7540162,https://etherscan.io/address/0x4570b4faf71e23942b8b9f934b47ccedf7540162,Moloch / Daohaus Governance,0x4570b4faf71e23942b8b9f934b47ccedf7540162
159,MetaCartel Ventures,governance,mcv.eth,https://snapshot.org/#/mcv.eth,Snapshot Governance,0x6C65fB326e7734Ba5508b5d043718288b43b9ed9
160,MetaCartel Ventures China,governance,0x934d6b90e3f916a3ad5d080a674a1e953447dda3,https://etherscan.io/address/0x934d6b90e3f916a3ad5d080a674a1e953447dda3,Moloch / Daohaus Governance,0x934d6b90e3f916a3ad5d080a674a1e953447dda3
161,MetaClan,governance,0xb5cef5887a0b46d895cb1893b3cddc9a31607261,https://etherscan.io/address/0xb5cef5887a0b46d895cb1893b3cddc9a31607261,Moloch / Daohaus Governance,0xb5cef5887a0b46d895cb1893b3cddc9a31607261
162,Metafam,governance,metafam.aragonid.eth,https://client.aragon.org/#/metafam.aragonid.eth,Aragon Governance,0xABAcDbb2931797E2ECd92e39A61d10Fb2Cd97123
163,Meta Gamma Delta,governance,0x7d58c962356ae66ba91b108751d67ae5d3b022fc,https://etherscan.io/address/0x7d58c962356ae66ba91b108751d67ae5d3b022fc,Moloch / Daohaus Governance,0x7d58c962356ae66ba91b108751d67ae5d3b022fc
164,Meta Gamma Delta,governance,0x1b3d7efb93ec432b0d1d56880c23303979b379e9,https://etherscan.io/address/0x1b3d7efb93ec432b0d1d56880c23303979b379e9,Moloch / Daohaus Governance,0x1b3d7efb93ec432b0d1d56880c23303979b379e9
165,Meter Governance MTRG,governance,meter-mainnet.eth,https://snapshot.org/#/meter-mainnet.eth,Snapshot Governance,0x0aB5ddA6f096E127AF74d4b64A101ac6C43FA128
166,Moloch,governance,0x1fd169a4f5c59acf79d0fd5d91d1201ef1bce9f1,https://etherscan.io/address/0x1fd169a4f5c59acf79d0fd5d91d1201ef1bce9f1,Moloch / Daohaus Governance,0x1fd169a4f5c59acf79d0fd5d91d1201ef1bce9f1
167,mStable,governance,mstabledao.eth_old,https://snapshot.org/#/mstabledao.eth_old,Snapshot Governance,
168,mStable,governance,mstablegovernance.eth,https://snapshot.org/#/mstablegovernance.eth,Snapshot Governance,0x4B37BbC8CAb32aade27Ce8b1bb2A9E614de81E03
169,mStable,governance,mstableprotocoldao.eth,https://snapshot.org/#/mstableprotocoldao.eth,Snapshot Governance,0xF6FF1F7FCEB2cE6d26687EaaB5988b445d0b94a2
170,mStable,governance,mstabledao.eth,https://snapshot.org/#/mstabledao.eth,Snapshot Governance,0xb8541E73Aa47a847fA39E803D19a3f9b1bbc5a6C
171,mStable,governance,mstable.aragonid.eth,https://client.aragon.org/#/mstable.aragonid.eth,Aragon Governance,0xD94AecfF012668167c05c8690A42CAC303C9Cb4b
172,murziki,governance,murziki.aragonid.eth,https://client.aragon.org/#/murziki.aragonid.eth,Aragon Governance,0x85c999Dd7187d6F00A4F46373Ea2B96C85C45595
173,MyDaoDashboard,governance,mydaodashboard.aragonid.eth,https://client.aragon.org/#/mydaodashboard.aragonid.eth,Aragon Governance,0xb788256177F8398babdDb1118bc4aa0557Ed8c65
174,necDAO,governance,0xe56b4d8d42b1c9ea7dda8a6950e3699755943de7,https://etherscan.io/address/0xe56b4d8d42b1c9ea7dda8a6950e3699755943de7,Daostack Governance,0xe56b4d8d42b1c9ea7dda8a6950e3699755943de7
175,Neptune DAO,governance,0xa3cf824160e5ec3dccccb44c2552eee45a44aaeb,https://etherscan.io/address/0xa3cf824160e5ec3dccccb44c2552eee45a44aaeb,Openlaw Governance,0xa3cf824160e5ec3dccccb44c2552eee45a44aaeb
176,NFTX,governance,nftx.aragonid.eth,https://client.aragon.org/#/nftx.aragonid.eth,Aragon Governance,0xbAf2Eb7b0649B8c28970e7D9e8f5DEe9B6f6d9Fe
177,NFTX,governance,nftx.eth,https://snapshot.org/#/nftx.eth,Snapshot Governance,0x40D73Df4F99bae688CE3C23a01022224FE16C7b2
178,Nouns DAO,governance,nouns.eth,https://snapshot.org/#/nouns.eth,Snapshot Governance,0x3c8221321441b08C580506e21899E3fa88943672
179,Nouns DAO,governance,0x6f3e6272a167e8accb32072d08e0957f9c79223d,https://etherscan.io/address/0x6f3e6272a167e8accb32072d08e0957f9c79223d,Compound Governance,0x6f3e6272a167e8accb32072d08e0957f9c79223d
180,OceanDAO,governance,officialoceandao.eth,https://snapshot.org/#/officialoceandao.eth,Snapshot Governance,0xb098A3EDD6224E774b5B19C2F69728FDC69bc7bC
181,Odyssy,governance,0xdcaaf0efd2e70e8103566e705c86b038ed8ff88e,https://etherscan.io/address/0xdcaaf0efd2e70e8103566e705c86b038ed8ff88e,Moloch / Daohaus Governance,0xdcaaf0efd2e70e8103566e705c86b038ed8ff88e
182,OlympusDAO,governance,olympusdao.eth,https://snapshot.org/#/olympusdao.eth,Snapshot Governance,0x245cc372C84B3645Bf0Ffe6538620B04a217988B
183,Orochi DAO V2,governance,0xb42616e266cb0c6d34c1434f09b95ed50bb551ed,https://etherscan.io/address/0xb42616e266cb0c6d34c1434f09b95ed50bb551ed,Moloch / Daohaus Governance,0xb42616e266cb0c6d34c1434f09b95ed50bb551ed
184,Own.fund DAO,governance,ownfund.eth,https://snapshot.org/#/ownfund.eth,Snapshot Governance,0xBd4Eb0295468c80725017f74113F5AebBD6e8D12
185,PancakeSwap,governance,pancake,https://snapshot.org/#/pancake,Snapshot Governance,
186,PancakeSwap,governance,cake.eth,https://snapshot.org/#/cake.eth,Snapshot Governance,
187,Pangolin,governance,pangolindex.eth,https://snapshot.org/#/pangolindex.eth,Snapshot Governance,0xF754F5d8Cc913AD9865a8ed4d6bFc8046458A80b
188,PartyDAO,governance,partydao.eth,https://snapshot.org/#/partydao.eth,Snapshot Governance,0xF7f52Dd34bc21eDA08c0b804C7c1dbc48375820f
189,Perpetual Protocol,governance,vote-perp.eth,https://snapshot.org/#/vote-perp.eth,Snapshot Governance,0xf3Ad7a80c7deBE37Db5ceE1E3Ed45f31a5629e5e
190,PieDAO,governance,0x0c188b183ff758500d1d18b432313d10e9f6b8a4,https://client.aragon.org/#/0x0c188b183ff758500d1d18b432313d10e9f6b8a4,Aragon Governance,0x0c188b183ff758500d1d18b432313d10e9f6b8a4
191,PieDAO,governance,piedao,https://snapshot.org/#/piedao,Snapshot Governance,
192,PieDAO,governance,,https://snapshot.org/#/,Snapshot Governance,
193,PleasrDAO,governance,pleasrdao.eth,https://snapshot.org/#/pleasrdao.eth,Snapshot Governance,0xF5c27c6fE782cbB5c85989ea3e75754748153459
194,pNetwork,governance,pnetwork-dao.eth,https://snapshot.org/#/pnetwork-dao.eth,Snapshot Governance,0xEC1b464f29845ab180887a00B6b0C8c19Cb13d97
195,pNetwork,governance,0x2732fd9fd5f0e84b1b774cf5e6f5c812eafd455b,https://client.aragon.org/#/0x2732fd9fd5f0e84b1b774cf5e6f5c812eafd455b,Aragon Governance,0x2732fd9fd5f0e84b1b774cf5e6f5c812eafd455b
196,PoolTogether,governance,0xb3a87172f555ae2a2ab79be60b336d2f7d0187f0,https://etherscan.io/address/0xb3a87172f555ae2a2ab79be60b336d2f7d0187f0,Compound Governance,0xb3a87172f555ae2a2ab79be60b336d2f7d0187f0
197,PoolTogether,governance,pooltogether.eth,https://snapshot.org/#/pooltogether.eth,Snapshot Governance,0x029Aa20Dcc15c022b1b61D420aaCf7f179A9C73f
198,Pragma,governance,pragmadev2.eth,https://snapshot.org/#/pragmadev2.eth,Snapshot Governance,0x9e7DC18DDB418DBA2858e6e2983D289F386f0986
199,PrimeDAO,governance,0x273d0f686a53a49a0fba2a801566b19f9aaf8fcd,https://etherscan.io/address/0x273d0f686a53a49a0fba2a801566b19f9aaf8fcd,Daostack Governance,0x273d0f686a53a49a0fba2a801566b19f9aaf8fcd
200,PrimeDAO,governance,0xe3a89ed4956c4f7173418e4dec2a77a5f60807de,https://etherscan.io/address/0xe3a89ed4956c4f7173418e4dec2a77a5f60807de,Daostack Governance,0xe3a89ed4956c4f7173418e4dec2a77a5f60807de
201,PrimeDAO,governance,primexyz.eth,https://snapshot.org/#/primexyz.eth,Snapshot Governance,0x7d781C2463c300ed86E7a51f456779de6bFEAFc9
202,Proof Of Humanity,governance,poh.eth,https://snapshot.org/#/poh.eth,Snapshot Governance,0xb2a33ae0E07fD2ca8DBdE9545F6ce0b3234dc4e8
203,Radicle,governance,gov.radicle.eth,https://snapshot.org/#/gov.radicle.eth,Snapshot Governance,
204,Radicle,governance,0x690e775361ad66d1c4a25d89da9fcd639f5198ed,https://etherscan.io/address/0x690e775361ad66d1c4a25d89da9fcd639f5198ed,Compound Governance,0x690e775361ad66d1c4a25d89da9fcd639f5198ed
205,Raid Guild,governance,0xbd6fa666fbb6fdeb4fc5eb36cdd5c87b069b24c1,https://etherscan.io/address/0xbd6fa666fbb6fdeb4fc5eb36cdd5c87b069b24c1,Moloch / Daohaus Governance,0xbd6fa666fbb6fdeb4fc5eb36cdd5c87b069b24c1
206,Raid Guild,governance,raid-guild,https://snapshot.org/#/raid-guild,Snapshot Governance,
207,Raid Guild War Chest,governance,0xbeb3e32355a933501c247e2dbde6e6ca2489bf3d,https://etherscan.io/address/0xbeb3e32355a933501c247e2dbde6e6ca2489bf3d,Moloch / Daohaus Governance,0xbeb3e32355a933501c247e2dbde6e6ca2489bf3d
208,Rarible,governance,rarible.eth,https://snapshot.org/#/rarible.eth,Snapshot Governance,
209,Ribbon finance,governance,rbn.eth,https://snapshot.org/#/rbn.eth,Snapshot Governance,0xa75c86521514Ff4873E5524a2579B249403c9a21
210,Rocket LP DAO,governance,0xa9ade79ab198a579772dd5e310ea28643e4a4421,https://etherscan.io/address/0xa9ade79ab198a579772dd5e310ea28643e4a4421,Moloch / Daohaus Governance,0xa9ade79ab198a579772dd5e310ea28643e4a4421
211,Seedify.fund,governance,seedifyfund.eth,https://snapshot.org/#/seedifyfund.eth,Snapshot Governance,0x88Dba2cF8911A80cc50A1B392b5fF6b47B930330
212,ShapeShift,governance,shapeshiftdao.eth,https://snapshot.org/#/shapeshiftdao.eth,Snapshot Governance,0x3AEf01dB231c3C9fF844f7E611c63b8c36bc6A02
213,Shark DAO,governance,sharkdao.eth,https://snapshot.org/#/sharkdao.eth,Snapshot Governance,0xAe7f458667f1B30746354aBC3157907d9F6FD15E
214,ShieldDao,governance,shielddao.aragonid.eth,https://client.aragon.org/#/shielddao.aragonid.eth,Aragon Governance,0xfF815aD9735C38E2486f6b3b030546690396032d
215,ShillShop,governance,0x50d9fbebdd7fd36c0716fc1faaa9248bab6bbcc0,https://etherscan.io/address/0x50d9fbebdd7fd36c0716fc1faaa9248bab6bbcc0,Moloch / Daohaus Governance,0x50d9fbebdd7fd36c0716fc1faaa9248bab6bbcc0
216,snglsDAO,governance,0x515aef991f262d0d098dacfb57fccfe9852ff9c1,https://etherscan.io/address/0x515aef991f262d0d098dacfb57fccfe9852ff9c1,Daostack Governance,0x515aef991f262d0d098dacfb57fccfe9852ff9c1
217,SquiggleDAO,governance,squiggledao.eth,https://snapshot.org/#/squiggledao.eth,Snapshot Governance,0x56fcb471A9DdE74045830439AD6612C9aad53C19
218,Srt,governance,srt.aragonid.eth,https://client.aragon.org/#/srt.aragonid.eth,Aragon Governance,0x15B2d21d84787D69D5e1B68f48eA446d815BD3BB
219,Stacker Ventures,governance,stackerventures.aragonid.eth,https://client.aragon.org/#/stackerventures.aragonid.eth,Aragon Governance,0xB35b37F36cD378f012EFd83B933F04f7C8F5148b
220,Stacker Ventures,governance,stackervc.eth,https://snapshot.org/#/stackervc.eth,Snapshot Governance,0xa5f1d46d24a95E44F794360955F0807DF6329C25
221,Stacker Ventures DDC,governance,stackerventures.eth,https://snapshot.org/#/stackerventures.eth,Snapshot Governance,0x31483A93c879c9DCF85899f61b521E1e5b520b69
222,STAKEhaus,governance,0x97ace434171c7eb426548afc4af188a3c973a38d,https://etherscan.io/address/0x97ace434171c7eb426548afc4af188a3c973a38d,Moloch / Daohaus Governance,0x97ace434171c7eb426548afc4af188a3c973a38d
223,StakeWise,governance,stakewise.eth,https://snapshot.org/#/stakewise.eth,Snapshot Governance,
224,Status,governance,status.aragonid.eth,https://client.aragon.org/#/status.aragonid.eth,Aragon Governance,0x73D57576E9910e5Ad07055DafcdaB28D1109B28c
225,Sushiswap,governance,sushigov.eth,https://snapshot.org/#/sushigov.eth,Snapshot Governance,0x19B3Eb3Af5D93b77a5619b047De0EED7115A19e7
226,Synthetix,governance,snxgrants.eth,https://snapshot.org/#/snxgrants.eth,Snapshot Governance,0xbeBF7295A9Ddc37e33609790b12FBe3dAF93cC73
227,Synthetix,governance,snxambassador.eth,https://snapshot.org/#/snxambassador.eth,Snapshot Governance,0x46abFE1C972fCa43766d6aD70E1c1Df72F4Bb4d1
228,Synthetix,governance,treasurycouncil.eth,https://snapshot.org/#/treasurycouncil.eth,Snapshot Governance,0xbeBF7295A9Ddc37e33609790b12FBe3dAF93cC73
229,Synthetix,governance,spartancouncil.eth,https://snapshot.org/#/spartancouncil.eth,Snapshot Governance,0xbeBF7295A9Ddc37e33609790b12FBe3dAF93cC73
230,TeaSwap,governance,tea-swap.eth,https://snapshot.org/#/tea-swap.eth,Snapshot Governance,0x59b15b826c458BcdaC8C8Da90fEA9fBd03FbbB99
231,The LAO,governance,0x8f56682a50becb1df2fb8136954f2062871bc7fc,https://etherscan.io/address/0x8f56682a50becb1df2fb8136954f2062871bc7fc,Openlaw Governance,0x8f56682a50becb1df2fb8136954f2062871bc7fc
232,The LAO,governance,thelao,https://snapshot.org/#/thelao,Snapshot Governance,
233,Tornado Cash,governance,torn-community.eth,https://snapshot.org/#/torn-community.eth,Snapshot Governance,0xd26BaA5F41CC7839CEdb020b6d98E1C6e1642D75
234,Tracer,governance,tracer.eth,https://snapshot.org/#/tracer.eth,Snapshot Governance,0xe442e945730627DA12721DFfD15cd5b73ad3c514
235,Trojan DAO,governance,0xcc7dcdb700eed457c8180406d7d699877f4eee24,https://etherscan.io/address/0xcc7dcdb700eed457c8180406d7d699877f4eee24,Moloch / Daohaus Governance,0xcc7dcdb700eed457c8180406d7d699877f4eee24
236,TYAN Intergalactic,governance,0xecfbf206d32c7ca0272028711799a781bfb6710d,https://etherscan.io/address/0xecfbf206d32c7ca0272028711799a781bfb6710d,Moloch / Daohaus Governance,0xecfbf206d32c7ca0272028711799a781bfb6710d
237,UberHAUS,governance,0x4bec8e49aa44bb520bd5e29d6358e22464b5eb68,https://etherscan.io/address/0x4bec8e49aa44bb520bd5e29d6358e22464b5eb68,Moloch / Daohaus Governance,0x4bec8e49aa44bb520bd5e29d6358e22464b5eb68
238,Unicly,governance,uniclynft.eth,https://snapshot.org/#/uniclynft.eth,Snapshot Governance,0x92b22149fec19094650f3f99dC141c8f77b03c15
239,Uniswap,governance,0xc4e172459f1e7939d522503b81afaac1014ce6f6,https://etherscan.io/address/0xc4e172459f1e7939d522503b81afaac1014ce6f6,Compound Governance,0xc4e172459f1e7939d522503b81afaac1014ce6f6
240,Uniswap,governance,uniswap,https://snapshot.org/#/uniswap,Snapshot Governance,
241,Uniswap,governance,0x5e4be8bc9637f0eaa1a755019e06a68ce081d58f,https://etherscan.io/address/0x5e4be8bc9637f0eaa1a755019e06a68ce081d58f,Compound Governance,0x5e4be8bc9637f0eaa1a755019e06a68ce081d58f
242,Uniswap,governance,0x408ed6354d4973f66138c91495f2f2fcbd8724c3,https://etherscan.io/address/0x408ed6354d4973f66138c91495f2f2fcbd8724c3,Compound Governance,0x408ed6354d4973f66138c91495f2f2fcbd8724c3
243,Uniswap,governance,uni.meme0xb1.eth,https://snapshot.org/#/uni.meme0xb1.eth,Snapshot Governance,
244,Unslashed,governance,0xa0ae994229b1bc31850d8a17a273904d1ed12190,https://etherscan.io/address/0xa0ae994229b1bc31850d8a17a273904d1ed12190,Compound Governance,0xa0ae994229b1bc31850d8a17a273904d1ed12190
245,Urza,governance,0x7ae4bc22d038479c8ad21616450cd5e35d3f03cc,https://etherscan.io/address/0x7ae4bc22d038479c8ad21616450cd5e35d3f03cc,Moloch / Daohaus Governance,0x7ae4bc22d038479c8ad21616450cd5e35d3f03cc
246,Valtech,governance,0x4eef8cff7fd9bfab6cbcdf05b74d2161cadaff52,https://client.aragon.org/#/0x4eef8cff7fd9bfab6cbcdf05b74d2161cadaff52,Aragon Governance,0x4eef8cff7fd9bfab6cbcdf05b74d2161cadaff52
247,Varen,governance,varen.eth,https://snapshot.org/#/varen.eth,Snapshot Governance,0xFd1179074e3A32aceC10E26c2d7094946C82df58
248,VitaDAO,governance,351bacc0-070d-4577-8ab7-1e1fe7e1b201,,Assetsonly Governance,
249,VitaDAO,governance,vote.vitadao.eth,https://snapshot.org/#/vote.vitadao.eth,Snapshot Governance,0x61177b11C15261dfcEE7978C2D1c434c4Aa9CA72
250,Warcamp,governance,0x55eafe832507e652c48b25a957bd3a15420aa805,https://etherscan.io/address/0x55eafe832507e652c48b25a957bd3a15420aa805,Moloch / Daohaus Governance,0x55eafe832507e652c48b25a957bd3a15420aa805
251,Warcamp,governance,0xc8e0d7fd13eb3cbc19eb293d0e00b8386cc1b6f2,https://etherscan.io/address/0xc8e0d7fd13eb3cbc19eb293d0e00b8386cc1b6f2,Moloch / Daohaus Governance,0xc8e0d7fd13eb3cbc19eb293d0e00b8386cc1b6f2
252,Warcamp,governance,0x8d2ec7025957d09cfb0a8197f9aacd0dcc08b21a,https://etherscan.io/address/0x8d2ec7025957d09cfb0a8197f9aacd0dcc08b21a,Moloch / Daohaus Governance,0x8d2ec7025957d09cfb0a8197f9aacd0dcc08b21a
253,Warcamp,governance,0xef3d8c4fbb1860fceab16595db7e650cd5ad51c1,https://etherscan.io/address/0xef3d8c4fbb1860fceab16595db7e650cd5ad51c1,Moloch / Daohaus Governance,0xef3d8c4fbb1860fceab16595db7e650cd5ad51c1
254,Warcamp,governance,0xd1924dc661a3e0563defe8e8028485211799e2b0,https://etherscan.io/address/0xd1924dc661a3e0563defe8e8028485211799e2b0,Moloch / Daohaus Governance,0xd1924dc661a3e0563defe8e8028485211799e2b0
255,XDAO,governance,0x9d63d20d1cfbb85cd46602bd096d81211bf44a5a,https://etherscan.io/address/0x9d63d20d1cfbb85cd46602bd096d81211bf44a5a,Moloch / Daohaus Governance,0x9d63d20d1cfbb85cd46602bd096d81211bf44a5a
256,Yam Finance,governance,0x78bdd33e95ecbcac16745fb28db0ffb703344026,https://etherscan.io/address/0x78bdd33e95ecbcac16745fb28db0ffb703344026,Compound Governance,0x78bdd33e95ecbcac16745fb28db0ffb703344026
257,Yam Finance,governance,yam.eth,https://snapshot.org/#/yam.eth,Snapshot Governance,0x5202e98b20672E562D6f0F379FDcD048f20e7DA0
258,yearn.finance,governance,0xcb46298767fb5d44c18313976c30d3eeb5071862,https://etherscan.io/address/0xcb46298767fb5d44c18313976c30d3eeb5071862,Moloch / Daohaus Governance,0xcb46298767fb5d44c18313976c30d3eeb5071862
259,yearn.finance,governance,yearn,https://snapshot.org/#/yearn,Snapshot Governance,
260,yearn.finance,governance,ybaby.eth,https://snapshot.org/#/ybaby.eth,Snapshot Governance,0x7A1057E6e9093DA9C1D4C1D049609B6889fC4c67
